song_id,title,artist,filepath
mOnGAQHbrK4,HARIYE JAO,ARBOVIRUS,database/ARBOVIRUS - HARIYE JAO.mOnGAQHbrK4.wav
8FzeqBVF8ms,Aadat,Unknown,database/Aadat.8FzeqBVF8ms.wav
fBpKX5fFdcY,Vital Signs | Aesthetics اردو,Aitebar,database/Aitebar - Vital Signs ｜ Aesthetics اردو.fBpKX5fFdcY.wav
9GiLKf8Oizw,Ajob,Unknown,database/Ajob.9GiLKf8Oizw.wav
c8i1Qpcnsa8,আমার পৃথিবী | Black | Album Amar Prithibi | Official Lyrical Band Song,Amar Prithibi,database/Amar Prithibi ｜ আমার পৃথিবী ｜ Black ｜ Album Amar Prithibi ｜ Official Lyrical Band Song.c8i1Qpcnsa8.wav
Jh5oHAnDJ2U,আমার সারা দেহ | Zafor Iqbal & Others | Andrew Kishore | Noyoner Alo | Anupam,Amar Sara Deho,database/Amar Sara Deho ｜ আমার সারা দেহ ｜ Zafor Iqbal & Others ｜ Andrew Kishore ｜ Noyoner Alo ｜ Anupam.Jh5oHAnDJ2U.wav
Nyzx5ReAQj4,Ami Jare Chaire,Unknown,database/Ami Jare Chaire.Nyzx5ReAQj4.wav
PlFICIpY6hw,Anmone 2,Unknown,database/Anmone 2.PlFICIpY6hw.wav
cWAxUOjj8aQ,Epitaph  | Shopnochura,Aurthohin,database/Aurthohin - Epitaph (Official Music Video) ｜ Shopnochura ｜.cWAxUOjj8aQ.wav
umsrQSA2iOM,Nahin Milta,Bayaan,database/Bayaan - Nahin Milta (Official Video).umsrQSA2iOM.wav
XMy4KmUgXJw,Moheener Ghoraguli II ভালোবাসি জ্যোৎস্নায় কাশবনে ছুটতে (Lyrics),Bhalo Lage,database/Bhalo Lage - Moheener Ghoraguli II ভালোবাসি জ্যোৎস্নায় কাশবনে ছুটতে (Lyrics).XMy4KmUgXJw.wav
16y1AkoZkmQ,Rasputin (Sopot Festival 1979),Boney M.,database/Boney M. - Rasputin (Sopot Festival 1979).16y1AkoZkmQ.wav
a18py61_F_w,Coke Studio Season 8| Tajdar-e-Haram| Atif Aslam,Unknown,database/Coke Studio Season 8｜ Tajdar-e-Haram｜ Atif Aslam.a18py61_F_w.wav
3YSRMSvkh4c,Dama Dam Mast Qalandar,Unknown,database/Dama Dam Mast Qalandar.3YSRMSvkh4c.wav
Ly7Z0ljOBd4,"December'er Shohorey || With Love, Calcutta OST",Unknown,"database/December'er Shohorey ｜｜ With Love, Calcutta OST.Ly7Z0ljOBd4.wav"
bZsEIzEDbIs,Din Bari Jay,Unknown,database/Din Bari Jay.bZsEIzEDbIs.wav
YmdxYvLgsGg,Doob || ডুব || Habib Wahid || Mousumi || Mosharraf Karim || Projapoti || Bangla Movie Song,Unknown,database/Doob ｜｜ ডুব ｜｜ Habib Wahid ｜｜ Mousumi ｜｜ Mosharraf Karim ｜｜ Projapoti ｜｜ Bangla Movie Song.YmdxYvLgsGg.wav
NgEQL8UOAG4,Strings | 2000 | Duur,Duur,database/Duur ｜ Strings ｜ 2000 ｜ Duur ｜ (Official Video).NgEQL8UOAG4.wav
dLl4PZtxia8,Hotel California,Eagles,database/Eagles - Hotel California (Official Audio).dLl4PZtxia8.wav
aFEPYpcmkEM,Audio | Hemanta Mukherjee | Gauriprasanna Mazumder,Ei Meghla Dine Ekla,database/Ei Meghla Dine Ekla ｜ Audio ｜ Hemanta Mukherjee ｜ Gauriprasanna Mazumder.aFEPYpcmkEM.wav
KWEHAN37n_w,Balam | একাকি মন | বালাম | TI Antor | Music Video,Ekaki Mon,database/Ekaki Mon ｜ Balam ｜ একাকি মন ｜ বালাম ｜ TI Antor ｜ Music Video.KWEHAN37n_w.wav
iAXymug9VvQ,ঘুমন্ত শহরে | LRB | Ayub Bachchu | ঘুমন্ত শহরে | AB Kitchen,Ghumonto Shohore,database/Ghumonto Shohore ｜ ঘুমন্ত শহরে ｜ LRB ｜ Ayub Bachchu ｜ ঘুমন্ত শহরে ｜ AB Kitchen.iAXymug9VvQ.wav
XlNSOUfO-NA,Shironamhin | 25th Anniversary concert,Icche Ghuri,database/Icche Ghuri ｜ Shironamhin ｜ 25th Anniversary concert.XlNSOUfO-NA.wav
ltZtMQCXGXI,Bangladeshi Band,Icons _ Oporanho,database/Icons _ Oporanho - Bangladeshi Band.ltZtMQCXGXI.wav
DZrTFdUcWHY,Bay of Bengal,Je Shohore Ami Nei,database/Je Shohore Ami Nei - Bay of Bengal (Official video).DZrTFdUcWHY.wav
Rp-lybN8TCA,যেখানে সীমান্ত তোমার | Kumar Bishwajit | Evergreen Bangla Song,Jekhane Shimanto Tomar,database/Jekhane Shimanto Tomar ｜ যেখানে সীমান্ত তোমার ｜ Kumar Bishwajit ｜ Evergreen Bangla Song.Rp-lybN8TCA.wav
ROrqvuJ23zE,Prince Mahmud ft. Khalid,Jodi Himaloy Hoye,database/Jodi Himaloy Hoye (Official Music Video) ｜ Prince Mahmud ft. Khalid.ROrqvuJ23zE.wav
WTJSt4wP2ME,Wavin' Flag (Coca-Cola Celebration Mix),K'NAAN,database/K'NAAN - Wavin' Flag (Coca-Cola Celebration Mix).WTJSt4wP2ME.wav
QDYfEBY9NM4,Let It Be (Remastered 2009),Unknown,database/Let It Be (Remastered 2009).QDYfEBY9NM4.wav
A06Oc1z4ues,Lyrics | Anjan Dutta | Purono Guitar Modern Songs Anjan Dutt | Bangla Gaan,Mala,database/Mala ｜ Lyrics ｜ Anjan Dutta ｜ Purono Guitar Modern Songs Anjan Dutt ｜ Bangla Gaan.A06Oc1z4ues.wav
sLe3xW0FN2M,Esho Amar Shohore | Aluminium Er Dana | Official Video,Meghdol,database/Meghdol ｜ Esho Amar Shohore ｜ Aluminium Er Dana ｜ Official Video.sLe3xW0FN2M.wav
ew1fKCWb_M4,Vaseegara Official Video | Full HD | Harris Jayaraj | Madhavan | Gautham V Menon,Minnale,database/Minnale - Vaseegara Official Video ｜ Full HD ｜ Harris Jayaraj ｜ Madhavan ｜ Gautham V Menon.ew1fKCWb_M4.wav
jx1j5yLlBPg,Souls,Mon Shudhu Mon Chuyeche,database/Mon Shudhu Mon Chuyeche - Souls [HQ].jx1j5yLlBPg.wav
nAIxCBm3ULk,Kaavish | Season 4 | Coke Studio Pakistan | @RohailHyattMusic,Nindiya Re,database/Nindiya Re ｜ Kaavish ｜ Season 4 ｜ Coke Studio Pakistan ｜ @RohailHyattMusic.nAIxCBm3ULk.wav
EeeObmCWLKA,Obocheton,Nemesis,database/Obocheton By Nemesis ｜ Album Agontuk 2 ｜ Official lyrical Video.EeeObmCWLKA.wav
3dxnaG9VFuI,ওরে নীল দরিয়া | Faruk & Kobori | Abdul Jabbar | Shareng Bou | Anupam,Ore Nil Doriya,database/Ore Nil Doriya ｜ ওরে নীল দরিয়া ｜ Faruk & Kobori ｜ Abdul Jabbar ｜ Shareng Bou ｜ Anupam.3dxnaG9VFuI.wav
0e4wMRI69ww,Pagla Ghora,Unknown,database/Pagla Ghora.0e4wMRI69ww.wav
Xc6uwbXpmUY,Ranjish Hi Sahi,Unknown,database/Ranjish Hi Sahi.Xc6uwbXpmUY.wav
2prZz54mn3k,Lyrical Video | শোনো গো দখিন হাওয়া  | S.D.Burman | Bangla Gaan,Shono Go Dakhin Hawa,database/Shono Go Dakhin Hawa ｜ Lyrical Video ｜ শোনো গো দখিন হাওয়া  ｜ S.D.Burman ｜ Bangla Gaan.2prZz54mn3k.wav
txqjiXaPH7c,Bari Siddiqui,Shua Chan Pakhi Lyrics (সোয়া চাঁন পাখি লিরিক্স),database/Shua Chan Pakhi Lyrics (সোয়া চাঁন পাখি লিরিক্স) - Bari Siddiqui.txqjiXaPH7c.wav
m9TAaOWtPDQ,Black | Album Rock 202 | Official lyrical Video,Tumi Ki Shara Dibe,database/Tumi Ki Shara Dibe ｜ Black ｜ Album Rock 202 ｜ Official lyrical Video.m9TAaOWtPDQ.wav
xqqMB6F_VyI,উৎসবের উৎসাহে | Artcell | Underground (Band Mixed Album) | Original Track,Utshober Utshahe,database/Utshober Utshahe ｜ উৎসবের উৎসাহে ｜ Artcell ｜ Underground (Band Mixed Album) ｜ Original Track.xqqMB6F_VyI.wav
v7a6lIu5-kU,Bidhatari Ronge Aka,Vibe,database/Vibe-Bidhatari Ronge Aka(Lyrics Video).v7a6lIu5-kU.wav
uB2rhjulY4Q,Purnota,Warfaze,database/Warfaze - Purnota.uB2rhjulY4Q.wav
Qh_sxMN9UH8,Obak Bhalobasha,Warfaze,database/Warfaze-Obak Bhalobasha.Qh_sxMN9UH8.wav
4K6cvc27_CE,Wish You Were Here,Unknown,database/Wish You Were Here.4K6cvc27_CE.wav
sjij_VKa2QQ,Rehnaa hai terre Dil Mein |R.Madhavan |Dia Mirza | Bombay Jayashri |Romantic Song |RHTDM,Zara Zara,database/Zara Zara ｜ Rehnaa hai terre Dil Mein ｜R.Madhavan ｜Dia Mirza ｜ Bombay Jayashri ｜Romantic Song ｜RHTDM.sjij_VKa2QQ.wav
VWzgd_ZiGks,ya ghali guitara,Unknown,database/ya ghali guitara.VWzgd_ZiGks.wav
wnfUpOch510,Kobita | James | Lyrics,কবিতা তুমি স্বপ্নচারিনী হয়ে,database/কবিতা তুমি স্বপ্নচারিনী হয়ে ｜ Kobita ｜ James ｜ Lyrics.wnfUpOch510.wav
0dGS7dNwlrU,Ki Jala | Hridoy Khan | Bangla Folk Song,কি জ্বালা দিয়ে গেলা মোরে,database/কি জ্বালা দিয়ে গেলা মোরে ｜ Ki Jala ｜ Hridoy Khan ｜ Bangla Folk Song.0dGS7dNwlrU.wav
hWHCsysOxBk,꧁ Your Midnight Melody： Tomar Jonno Nilche Tara,Arnob,database/꧁ Your Midnight Melody： Tomar Jonno Nilche Tara by Arnob (তোমার জন্য নীলচে তারা) I Official Audio ꧂.hWHCsysOxBk.wav
